{
  "seed": 42,
  "group_column": "sector",
  "n_repeats": 5,
  "mlflow_run_id": "6ae8c7fb3e174b1c92d5b8ebfa1c02e4",
  "mlflow_model_version": 4,
  "baseline_results": {
    "Ridge": {
      "RMSE (log)": 0.5007,
      "MAE (log)": 0.4013,
      "R2 (log)": 0.1831,
      "RMSE (Rs/sqft)": 6142.5,
      "MAE (Rs/sqft)": 4319.2,
      "R2 (Rs/sqft)": 0.0912
    },
    "RandomForest": {
      "RMSE (log)": 0.5179,
      "MAE (log)": 0.4082,
      "R2 (log)": 0.126,
      "RMSE (Rs/sqft)": 6060.2,
      "MAE (Rs/sqft)": 4415.0,
      "R2 (Rs/sqft)": 0.1154
    },
    "LightGBM": {
      "RMSE (log)": 0.5127,
      "MAE (log)": 0.4037,
      "R2 (log)": 0.1432,
      "RMSE (Rs/sqft)": 5977.4,
      "MAE (Rs/sqft)": 4373.5,
      "R2 (Rs/sqft)": 0.1394
    },
    "XGBoost": {
      "RMSE (log)": 0.5129,
      "MAE (log)": 0.4048,
      "R2 (log)": 0.1428,
      "RMSE (Rs/sqft)": 5948.0,
      "MAE (Rs/sqft)": 4369.6,
      "R2 (Rs/sqft)": 0.1479
    },
    "XGBoost (tuned)": {
      "RMSE (log)": 0.4951,
      "MAE (log)": 0.392,
      "R2 (log)": 0.2011,
      "RMSE (Rs/sqft)": 5859.4,
      "MAE (Rs/sqft)": 4217.1,
      "R2 (Rs/sqft)": 0.1731
    }
  },
  "optuna_best_params": {
    "n_estimators": 754,
    "max_depth": 3,
    "learning_rate": 0.014748375719806663,
    "subsample": 0.5003616314046764,
    "colsample_bytree": 0.5026331583112141,
    "reg_alpha": 0.05835482401029232,
    "reg_lambda": 0.0010797967945256701,
    "min_child_weight": 1
  },
  "repeated_eval": {
    "mean": {
      "RMSE (log)": 0.5015,
      "MAE (log)": 0.3953,
      "R2 (log)": 0.2231,
      "RMSE (Rs/sqft)": 5916.74,
      "MAE (Rs/sqft)": 4211.06,
      "R2 (Rs/sqft)": 0.2002
    },
    "std": {
      "RMSE (log)": 0.0099,
      "MAE (log)": 0.0073,
      "R2 (log)": 0.0373,
      "RMSE (Rs/sqft)": 336.5368,
      "MAE (Rs/sqft)": 164.8185,
      "R2 (Rs/sqft)": 0.0266
    }
  }
}